Titulo,Data,Resumo
Fone de ouvido sem fio JBL Wave Flex com 12% off na Amazon,29 de junho de 2023,"O fone de ouvido sem fio JBL Wave Flex, que chega com 12% de desconto na Amazon, pode ser uma ótima opção para você que busca um novo fone. Confira"
“Round 6” define 8 novos integrantes da 2ª temporada; veja quem são,29 de junho de 2023,Produção da nova temporada de “Round 6” está prevista para começar no final deste ano. Hwang Dong-hyuk retorna dirigindo a série sul-coreana
Oferta: teclado sem fio retrô para PC e tablet por menos de R$ 400,29 de junho de 2023,"Teclado sem fio lembra as antigas máquinas de escrever, tem conexão de até 10 metros e suporte para Windows, Android ou iOS. Compre já"
Sol de inverno também queima? Entenda como é a incidência solar no frio,29 de junho de 2023,Não é novidade para ninguém que os dias são mais curtos no inverno. Mas como o Sol age no tempo frio? Entenda nesta reportagem do Giz Brasil
Semelhança com Henry Cavill fez David Corenswet desejar vaga de Superman em 2019,29 de junho de 2023,Ator já estava de olho no papel desde 2019
Smartwatch Amazfit Bip S Multi por apenas R$ 269 na Amazon,29 de junho de 2023,"Garanta um smartwatch para chamar de seu com essa oferta imperdível da Amazon. O modelo Amazfit Bip S Multi chega com 20% off no site. Assim, ele sai de R$336 e vai para R$ 269,00. Entre as suas funcionalidades, vale…"
Palmeiras x Bolívar: onde assistir à definição do Grupo C da Libertadores,29 de junho de 2023,O Palmeiras enfrenta o Bolívar em partida da última rodada da fase de grupos. Verdão quer garantir 1º lugar e ficar no pote 1 do sorteio das oitavas de final. Veja quem transmite!
Frigobar retrô com R$ 600 off na Amazon,29 de junho de 2023,"O frigobar retrô Midea chega com 33% de desconto na Amazon. Assim, ele sai de R$ 1.799,00 e vai para R$ 1.196,90, garantindo uma economia de R$ 602,10"
"“Nosso Sonho”, cinebiografia de Claudinho e Buchecha, ganha 1º teaser; veja",29 de junho de 2023,"“Nosso Sonho” é a cinebiografia de Claudinho e Buchecha, dupla de maior sucesso do funk melody nacional, que conta com direção de Eduardo Albergaria"
Samsung Tab S6 Lite com mais de R$ 200 off Amazon,29 de junho de 2023,"O Samsung Tab S6 Lite é uma ótima opção e está hoje com 10% de desconto na Amazon, saindo por apenas R$ 1.965,00. O seu valor original era R$2.174,57"
